"protein","genotype","EC50","EC50_SE","hill","hill_SE"
"huACE2","SARS-CoV-2",0.0817504034606937,0.0266571880228675,0.343301153754956,0.0341786321140842
"huACE2","SARS2+Q498Y",0.0401938544199257,0.0104225978688009,0.331340186701111,0.0250937310329485
"huACE2","SARS2+N501Y",0.0339888416607778,0.0102373134249991,0.30048636024939,0.0234590984758073
"huACE2","SARS2+Q498Y+N501Y",0.0319151964150615,0.00871198222784784,0.332077917386137,0.026523869257163
"huACE2","SARS-CoV-1",0.131204972278508,0.0521047638918129,0.35677738439584,0.0452716927756817
"huACE2","SARS1+Y498Q",2.38261379117285,0.325306402336881,1.11975929674692,0.15931203749306
"huACE2","SARS1+T501Y",1476.41237238761,18259.2000598538,0.323547739050506,0.280744056269068
"huACE2","SARS1+Y498Q+T501Y",6189.03764577186,80267.8139631422,0.555072641411215,0.384467274573465
"huACE2","AncSarbecovirus_MAP",10000,2700475.83127827,0.988548784799038,5.59813249201107
"huACE2","AncSarbecovirus_GARD",10000,3909969.69714785,1.00906342061652,7.89929131709734
"huACE2","AncSarbecovirus_GARD+K493Y",429.659428010332,2451.15755526278,0.364680567664994,0.209647193742626
"huACE2","AncAsia_MAP",0.451886150017269,0.183951756417983,0.420803766565074,0.0645064928075508
"huACE2","AncAsia_GARD",0.395432943280468,0.123275686391443,0.467429308880669,0.0619767761243097
"RaACE2.9479","AncSarbecovirus_MAP",2.75246463580105,0.821889314039064,0.455627500285974,0.048505346491475
"RaACE2.9479","AncSarbecovirus_GARD",1.05917263150284,0.257270562766921,0.55727222813523,0.0662602304477181
"RaACE2.9479","AncSarbecovirus_GARD+K493Y",10000,196152.547092213,0.425248460219079,0.389350747180846
"RaACE2.9479","AncAsia_MAP",1.81270309509041,0.357961314233736,0.482658172315159,0.038199057932773
"RaACE2.9479","AncAsia_GARD",0.0257380000133713,0.0289574525819525,0.245144271116387,0.0557197361155693
